del_bin,is_cancelled
"(0, 15]",0.051521187975371245
"(15, 20]",0.04914124243895978
"(20, 25]",0.06563376648502241
"(25, 30]",0.08985872590725277
"(30, 40]",0.12047822832907942
"(40, 100]",0.16465932553337922
